,barcode_id,global_x,global_y,global_z,x,y,fov,gene,transcript_id
74605,8,2501.117,-65.778435,0,912.6407,390.75037,0,Errfi1,ENSMUST00000030811
85400,8,2442.5242,91.451454,4,370.115,1846.5826,0,Errfi1,ENSMUST00000030811
237518,35,2492.8103,83.135895,1,835.72797,1769.5867,0,Cebpa,ENSMUST00000042985
75691,8,2583.1775,18.875721,0,1672.4595,1174.5851,0,Errfi1,ENSMUST00000030811
365851,53,2472.5938,-75.96118,2,648.5379,296.4657,0,Fech,ENSMUST00000025484
387798,57,2465.5618,-71.04686,1,583.4262,341.96866,0,Pabpc1,ENSMUST00000001809
201340,28,2475.0527,-70.15103,6,671.30615,350.26337,0,Acss2,ENSMUST00000029135
101606,11,2471.0757,-57.318703,4,634.4811,469.0812,0,Hsd17b2,ENSMUST00000034304
105213,12,2428.2676,-31.460316,3,238.1103,708.51074,0,Tpi1,ENSMUST00000172132
282122,41,2446.1099,100.910965,5,403.31625,1934.1707,0,Hsd17b6,ENSMUST00000026462
2033266,342,2552.307,94.43014,0,1386.6207,1874.1631,0,1700061G19Rik,ENSMUST00000025048
319206,47,2448.3442,74.87279,1,424.00452,1693.0764,0,Fasn,ENSMUST00000206589
547745,83,2503.17,-82.11262,4,931.65,239.50795,0,Hsd17b7,ENSMUST00000027989
557390,85,2456.196,-75.5021,2,496.7057,300.7165,0,Eif3a,ENSMUST00000025955
83542,8,2497.9958,-70.17661,4,883.7412,350.02652,0,Errfi1,ENSMUST00000030811
1199281,205,2445.0854,-21.86784,6,393.83047,797.32996,0,Fzd8,ENSMUST00000041080
1580884,270,2603.9016,38.982952,1,1864.3505,1360.7632,0,Cyp2b9,ENSMUST00000082214
255946,38,2444.2957,59.16416,1,386.51834,1547.6262,0,Sdc1,ENSMUST00000171158
1125476,192,2463.281,-62.38124,0,562.3069,422.20587,0,Tent5c,ENSMUST00000061455
1527504,264,2419.8052,-49.191628,2,159.75441,544.3319,0,Mecom,ENSMUST00000108271
117627,14,2441.0544,-36.9603,4,356.50696,657.58496,0,Acsl1,ENSMUST00000034046
82467,8,2572.6882,23.412165,3,1575.3373,1216.5892,0,Errfi1,ENSMUST00000030811
435163,63,2564.4438,51.780468,1,1499,1479.2587,0,Srd5a1,ENSMUST00000091514
224000,33,2463.4087,-63.550797,1,563.48914,411.37665,0,Cxcl12,ENSMUST00000112866
99839,11,2508.1064,-15.719081,1,977.3587,854.2629,0,Hsd17b2,ENSMUST00000034304
374071,54,2421.286,-38.479004,6,173.46481,643.5229,0,Lsr,ENSMUST00000108116
381371,56,2596.9717,-33.857582,1,1800.1855,686.31384,0,Gm2a,ENSMUST00000000608
324241,47,2601.7976,45.980988,5,1844.8693,1425.5598,0,Fasn,ENSMUST00000206589
33203,2,2455.6145,-65.36629,4,491.3224,394.56653,0,Pck1,ENSMUST00000029017
554812,84,2430.2961,77.326035,5,256.89322,1715.7917,0,Epas1,ENSMUST00000024954
185750,26,2451.7837,98.20821,0,455.85217,1909.1453,0,Cyp2c23,ENSMUST00000026211
110638,14,2554.8318,-18.162035,0,1410,831.64294,0,Acsl1,ENSMUST00000034046
681345,110,2547.345,90.91711,3,1340.6782,1841.635,0,Clec14a,ENSMUST00000062254
250757,37,2597.6445,-39.94757,3,1806.415,629.92505,0,Gck,ENSMUST00000109823
156199,21,2533.5945,-79.78596,0,1213.3588,261.05112,0,Gpd1,ENSMUST00000023760
65205,6,2593.0032,-48.891743,1,1763.4398,547.10864,0,Ugt2a3,ENSMUST00000031195
324258,47,2598.8777,51.690205,5,1817.8322,1478.423,0,Fasn,ENSMUST00000206589
84235,8,2425.6006,-12.697093,4,213.41425,882.24426,0,Errfi1,ENSMUST00000030811
269632,39,2549.0347,-13.558948,3,1356.3242,874.26416,0,Pdha1,ENSMUST00000033662
320357,47,2429.9082,66.18158,2,253.30135,1612.6023,0,Fasn,ENSMUST00000206589
117659,14,2454.3286,-33.613983,4,479.41525,688.56934,0,Acsl1,ENSMUST00000034046
479155,70,2464.8064,-69.516884,0,576.4328,356.13513,0,Csnk1a1,ENSMUST00000165123
236727,35,2590.8882,-38.869507,1,1743.856,639.9071,0,Cebpa,ENSMUST00000042985
223248,33,2464.9817,-55.117676,0,578.05585,489.46112,0,Cxcl12,ENSMUST00000112866
383105,56,2426.6357,0.42787513,3,223,1003.7717,0,Gm2a,ENSMUST00000000608
189315,27,2462.3938,-63.883053,0,554.09265,408.3002,0,Proz,ENSMUST00000033822
481866,70,2426.2163,69.00299,2,219.11722,1638.7264,0,Csnk1a1,ENSMUST00000165123
93504,9,2458.2197,-67.91081,5,515.44476,371.00616,0,Serping1,ENSMUST00000023994
29597,2,2604.263,29.265274,2,1867.6971,1270.7847,0,Pck1,ENSMUST00000029017
551905,84,2449.2822,-34.58864,2,432.68887,679.5448,0,Epas1,ENSMUST00000024954
202956,29,2499.256,-38.15541,1,895.41095,646.5191,0,Psap,ENSMUST00000165878
553541,84,2491.3762,-36.724712,4,822.44916,659.7663,0,Epas1,ENSMUST00000024954
232174,34,2441.57,81.16473,3,361.28137,1751.3352,0,Sardh,ENSMUST00000102886
1051186,176,2414.637,-43.981945,3,111.90084,592.5697,0,Tcf7,ENSMUST00000086844
718497,117,2511.6548,-83.63578,3,1010.21277,225.40462,0,Acaca,ENSMUST00000020843
60856,5,2437.2686,-40.310932,2,321.4525,626.5606,0,Acsl5,ENSMUST00000043150
139025,18,2459.4387,-39.472713,2,526.7303,634.32184,0,G6pc,ENSMUST00000019469
85960,8,2499.9714,-48.253735,5,902.0331,553.0161,0,Errfi1,ENSMUST00000030811
127136,15,2452.863,99.67615,5,465.84482,1922.7372,0,Akr1d1,ENSMUST00000040987
119666,14,2445.7039,-17.34132,5,399.55566,839.2422,0,Acsl1,ENSMUST00000034046
126879,15,2530.4922,30.117714,5,1184.6334,1278.6776,0,Akr1d1,ENSMUST00000040987
87085,8,2594.7063,42.08943,5,1779.208,1389.5269,0,Errfi1,ENSMUST00000030811
970548,163,2594.8696,48.724686,3,1780.7219,1450.9645,0,Cyp17a1,ENSMUST00000026012
323789,47,2534.7744,-24.054798,5,1224.2843,777.0803,0,Fasn,ENSMUST00000206589
1741618,292,2504.0803,-71.19834,1,940.08,340.56607,0,Hk2,ENSMUST00000000642
324706,47,2465.9775,-71.559364,6,587.2753,337.2233,0,Fasn,ENSMUST00000206589
319436,47,2458.4417,-86.847374,2,517.4984,195.66762,0,Fasn,ENSMUST00000206589
537491,81,2543.1677,-30.068447,0,1302,721.3984,0,Csk,ENSMUST00000217314
416164,60,2579.305,93.03629,0,1636.6031,1861.2571,0,Tmem56,ENSMUST00000029777
227304,33,2505.534,-54.77221,5,953.5387,492.65985,0,Cxcl12,ENSMUST00000112866
115746,14,2429.5518,-32.986336,3,250,694.3809,0,Acsl1,ENSMUST00000034046
392354,57,2575.6394,30.438974,3,1602.663,1281.6523,0,Pabpc1,ENSMUST00000001809
66152,6,2460.8362,-77.79961,3,539.67053,279.44324,0,Ugt2a3,ENSMUST00000031195
113791,14,2417.9707,-44.907475,2,142.7673,584,0,Acsl1,ENSMUST00000034046
215205,31,2426.3135,-29.128428,3,220.01582,730.1023,0,Hsd3b3,ENSMUST00000125483
383551,56,2423.3647,-38.677113,4,192.71342,641.68854,0,Gm2a,ENSMUST00000000608
348963,50,2603.0508,-3.257848,6,1856.4714,969.6447,0,Fyb,ENSMUST00000090461
105470,12,2444.2463,69.74733,3,386.0618,1645.6185,0,Tpi1,ENSMUST00000172132
30820,2,2462.2163,-66.484024,3,552.4484,384.21716,0,Pck1,ENSMUST00000029017
321098,47,2442.7634,-31.823513,3,372.32925,705.1478,0,Fasn,ENSMUST00000206589
324488,47,2453.9604,96.10566,5,476.0067,1889.6771,0,Fasn,ENSMUST00000206589
318596,47,2501.9954,-32.487476,1,920.7733,699,0,Fasn,ENSMUST00000206589
575748,88,2534.89,97.466,6,1225.3528,1902.273,0,H2afy,ENSMUST00000045788
247603,36,2528.223,-89.264694,6,1163.6217,173.28505,0,Aldh3a2,ENSMUST00000074127
1600450,273,2570.2266,97.997536,3,1552.5452,1907.1946,0,Gata2,ENSMUST00000170089
90166,9,2467.837,-32.595474,0,604.49133,698,0,Serping1,ENSMUST00000023994
114502,14,2569.0195,19.649286,2,1541.3679,1181.7478,0,Acsl1,ENSMUST00000034046
722559,117,2507.341,-60.949177,6,970.2718,435.46573,0,Acaca,ENSMUST00000020843
131761,16,2423.0564,-15.047753,6,189.85889,860.4789,0,Alas1,ENSMUST00000134053
117787,14,2548.477,-25.089891,4,1351.1598,767.49615,0,Acsl1,ENSMUST00000034046
36976,2,2607.3975,38.233223,5,1896.7191,1353.8213,0,Pck1,ENSMUST00000029017
71750,7,2502.7976,-62.887966,4,928.20264,417.51398,0,Igf1,ENSMUST00000122100
557941,85,2440.9148,56.932793,2,355.21277,1526.9655,0,Eif3a,ENSMUST00000025955
387964,57,2415.269,-54.411476,1,117.752266,496,0,Pabpc1,ENSMUST00000001809
241426,35,2504.7407,-83.5651,5,946.1942,226.05905,0,Cebpa,ENSMUST00000042985
1824846,306,2474.6177,-70.01315,6,667.2761,351.54,0,Aldh3b3,ENSMUST00000179433
38863,2,2430.5825,-18.787483,6,259.54456,825.85175,0,Pck1,ENSMUST00000029017
177942,24,2591.676,55.785168,2,1751.1501,1516.3392,0,Hc,ENSMUST00000028233
226246,33,2528.8333,95.64845,3,1169.2726,1885.4437,0,Cxcl12,ENSMUST00000112866
46425,3,2528.4639,39.23225,3,1165.8531,1363.0715,0,Akr1a1,ENSMUST00000030455
84071,8,2600.105,-26.183996,4,1829.1957,757.36554,0,Errfi1,ENSMUST00000030811
88405,8,2444.0403,-30.494987,6,384.15277,717.449,0,Errfi1,ENSMUST00000030811
451245,65,2436.4348,-30.900223,3,313.73105,713.6968,0,Gnai2,ENSMUST00000055704
188838,26,2426.9333,-20.672674,6,225.7564,808.3963,0,Cyp2c23,ENSMUST00000026211
320267,47,2600.5674,43.934544,2,1833.4789,1406.6112,0,Fasn,ENSMUST00000206589
491731,72,2505.7256,-63.847763,3,955.3143,408.62698,0,Mpeg1,ENSMUST00000081035
28339,2,2467.1357,-78.535706,2,598,272.62747,0,Pck1,ENSMUST00000029017
29863,2,2561.9976,51.58996,2,1476.3505,1477.4948,0,Pck1,ENSMUST00000029017
1112544,188,2567.3618,27.693157,5,1526.0189,1256.228,0,Notch2,ENSMUST00000079812
507848,74,2562.293,50.544514,4,1479.0846,1467.8147,0,Hmgb1,ENSMUST00000085546
148889,19,2444.5496,57.14671,3,388.8684,1528.9462,0,Hsd17b12,ENSMUST00000028619
234630,34,2421.6895,-23.344734,6,177.20052,783.65497,0,Sardh,ENSMUST00000102886
37781,2,2492.7258,-91.51001,6,834.9449,152.49506,0,Pck1,ENSMUST00000029017
362500,52,2467.545,-61.82504,5,601.78815,427.3559,0,Gpi1,ENSMUST00000038027
531367,78,2445.8599,-31.993254,5,401,703.5761,0,Aldh1b1,ENSMUST00000044384
720500,117,2600.443,32.77372,4,1832.3279,1303.2703,0,Acaca,ENSMUST00000020843
132733,17,2467.5679,-50.43284,1,602,532.83923,0,Aldh7a1,ENSMUST00000066208
131060,16,2455.1267,-28.993876,5,486.80493,731.34814,0,Alas1,ENSMUST00000134053
117429,14,2419.8884,-54.392323,4,160.52487,496.17734,0,Acsl1,ENSMUST00000034046
124798,15,2473.8772,-75.6799,3,660.4203,299.07016,0,Akr1d1,ENSMUST00000040987
234550,34,2418.2766,-34.99351,6,145.59964,675.79596,0,Sardh,ENSMUST00000102886
314804,46,2475.8838,-73.04947,4,679,323.426,0,Pgm1,ENSMUST00000058351
232607,34,2418.379,-31.320126,4,146.54724,709.8088,0,Sardh,ENSMUST00000102886
1995063,335,2476.0383,-58.208088,6,680.4318,460.84616,0,Acsf3,ENSMUST00000212781
28967,2,2425.6147,-32.304913,2,213.54561,700.69037,0,Pck1,ENSMUST00000029017
73416,7,2524.6575,-93.78691,6,1130.608,131.41266,0,Igf1,ENSMUST00000122100
719806,117,2496.0173,-72.71956,4,865.42206,326.4807,0,Acaca,ENSMUST00000020843
28320,2,2468.6365,-80.01361,2,611.8945,258.94324,0,Pck1,ENSMUST00000029017
143416,18,2598.9045,38.519066,5,1818.0818,1356.4679,0,G6pc,ENSMUST00000019469
1585227,270,2461.318,-28.140387,6,544.13293,739.2508,0,Cyp2b9,ENSMUST00000082214
1252820,216,2434.0876,-6.730095,4,292,937.49426,0,Bank1,ENSMUST00000041577
470655,68,2440.185,52.146797,2,348.4559,1482.6506,0,Grn,ENSMUST00000049460
785271,125,2460.4917,89.15151,5,536.4799,1825.2869,0,Cybb,ENSMUST00000015484
30718,2,2500.0183,-73.66603,3,902.46844,317.71707,0,Pck1,ENSMUST00000029017
1071593,179,2541.4155,98.801544,1,1285.7747,1914.639,0,Flt4,ENSMUST00000020617
40709,3,2548.3628,-27.261057,0,1350.1027,747.39276,0,Akr1a1,ENSMUST00000030455
455015,66,2575.25,26.344358,2,1599.0582,1243.7391,0,Gimap6,ENSMUST00000053661
26257,2,2460.5706,-58.362846,1,537.2118,459.4132,0,Pck1,ENSMUST00000029017
195547,27,2524.9912,42.336937,5,1133.6991,1391.8186,0,Proz,ENSMUST00000033822
176249,24,2427.4128,-18.417963,0,230.19572,829.27325,0,Hc,ENSMUST00000028233
1918303,322,2612.9253,-32.65074,5,1947.904,697.4883,0,Eno4,ENSMUST00000200910
247770,36,2419.0063,-36.41749,6,152.35725,662.611,0,Aldh3a2,ENSMUST00000074127
100453,11,2593.1233,-25.791475,2,1764.5502,761,0,Hsd17b2,ENSMUST00000034304
322391,47,2541.9443,-33.399952,4,1290.6725,690.55115,0,Fasn,ENSMUST00000206589
1315012,227,2463.5742,-70.88973,3,565.02356,343.42355,0,Tet2,ENSMUST00000098603
559177,85,2493.5017,-42.198704,4,842.13007,609.08124,0,Eif3a,ENSMUST00000025955
370953,54,2447.86,-23.544216,1,419.52078,781.8079,0,Lsr,ENSMUST00000108116
129672,16,2466.8037,-63.47918,3,594.9261,412.0398,0,Alas1,ENSMUST00000134053
1761165,295,2579.7373,25.362534,5,1640.6069,1234.6482,0,Pou2af1,ENSMUST00000034554
358794,52,2509.0757,-95.025734,1,986.33295,119.94207,0,Gpi1,ENSMUST00000038027
211095,30,2555.6294,-16.95596,4,1417.3855,842.8103,0,Cald1,ENSMUST00000115021
233418,34,2417.2898,-59.11766,5,136.46329,452.4242,0,Sardh,ENSMUST00000102886
37861,2,2472.0337,-84.051125,6,643.35034,221.55882,0,Pck1,ENSMUST00000029017
774921,123,2483.2578,-83.56903,5,747.27814,226.02267,0,Pfkl,ENSMUST00000020522
187509,26,2497.8186,-73.3709,4,882.1003,320.44977,0,Cyp2c23,ENSMUST00000026211
25834,2,2568.337,99.59653,0,1535.0471,1922,0,Pck1,ENSMUST00000029017
131797,16,2421.0752,-4.1525164,6,171.51254,961.3607,0,Alas1,ENSMUST00000134053
406940,59,2540.6343,-27.08434,2,1278.5426,749.02905,0,Tkt,ENSMUST00000225857
65616,6,2463.4985,-84.38252,2,564.32263,218.49033,0,Ugt2a3,ENSMUST00000031195
144386,18,2417.0327,-14.465203,6,134.0837,865.87286,0,G6pc,ENSMUST00000019469
65571,6,2440.2717,87.22339,1,349.2585,1807.434,0,Ugt2a3,ENSMUST00000031195
1037363,174,2514.6108,-82.4352,3,1037.583,236.52106,0,Fzd4,ENSMUST00000058755
323154,47,2439.1914,91.54223,4,339.2555,1847.4232,0,Fasn,ENSMUST00000206589
103951,12,2472.6104,-52.291756,1,648.6911,515.627,0,Tpi1,ENSMUST00000172132
125586,15,2527.251,-83.35548,4,1154.6216,228,0,Akr1d1,ENSMUST00000040987
320915,47,2593.385,-54.8779,3,1766.9755,491.68124,0,Fasn,ENSMUST00000206589
348529,50,2478.4395,-46.259373,6,702.66364,571.4824,0,Fyb,ENSMUST00000090461
32857,2,2496.5642,-90.96661,4,870.48676,157.52649,0,Pck1,ENSMUST00000029017
32437,2,2444.944,77.05589,3,392.52255,1713.2904,0,Pck1,ENSMUST00000029017
73721,7,2449.7893,-28.000341,6,437.38504,740.54755,0,Igf1,ENSMUST00000122100
417902,60,2428.0544,-1.4914742,2,236.13637,986,0,Tmem56,ENSMUST00000029777
1756461,295,2574.4067,24.06533,2,1591.2489,1222.6371,0,Pou2af1,ENSMUST00000034554
458197,67,2497.441,-36.591476,0,878.60394,661,0,Hsd3b2,ENSMUST00000107021
571883,88,2512.7117,-21.762327,2,1020,798.30695,0,H2afy,ENSMUST00000045788
316380,46,2436.8438,85.397095,5,317.5183,1790.5238,0,Pgm1,ENSMUST00000058351
33776,2,2593.0923,-28.960222,4,1764.2635,731.6597,0,Pck1,ENSMUST00000029017
86029,8,2478.0652,-40.48714,5,699.19946,624.929,0,Errfi1,ENSMUST00000030811
922841,153,2453.4827,90.972084,5,471.5824,1842.144,0,Ltbp4,ENSMUST00000121175
281568,41,2567.0962,95.140015,4,1523.5597,1880.736,0,Hsd17b6,ENSMUST00000026462
229016,34,2421.9136,-26.655476,0,179.27539,753,0,Sardh,ENSMUST00000102886
186255,26,2549.45,98.30053,1,1360.1674,1910,0,Cyp2c23,ENSMUST00000026211
804272,131,2563.032,14.456619,0,1485.9283,1133.6675,0,Tubb6,ENSMUST00000001513
103746,12,2440.9468,76.33937,0,355.51035,1706.656,0,Tpi1,ENSMUST00000172132
196269,27,2429.116,-33.29173,6,245.96475,691.5532,0,Proz,ENSMUST00000033822
240958,35,2555.5713,40.95697,4,1416.848,1379.0411,0,Cebpa,ENSMUST00000042985
537170,80,2499.4553,-91.023476,6,897.2546,157,0,Dlat,ENSMUST00000125919
189930,27,2571.5989,47.64065,0,1565.2509,1440.9271,0,Proz,ENSMUST00000033822
623451,99,2512.3833,-22.65718,2,1016.9594,790.02124,0,Fgf1,ENSMUST00000040647
204343,29,2599.8271,74.38716,2,1826.6243,1688.58,0,Psap,ENSMUST00000165878
208972,30,2533.8127,25.876099,1,1215.379,1239.4034,0,Cald1,ENSMUST00000115021
30014,2,2532.1755,69.287445,2,1200.2192,1641.3604,0,Pck1,ENSMUST00000029017
181061,24,2448.6023,-28.85986,6,426.39377,732.58905,0,Hc,ENSMUST00000028233
323618,47,2435.7744,-40.351498,5,307.61618,626.185,0,Fasn,ENSMUST00000206589
116138,14,2428.4502,-3.7594743,3,239.80081,965,0,Acsl1,ENSMUST00000034046
516828,76,2424.7515,-50.8685,3,205.5518,528.8053,0,Lcp1,ENSMUST00000131802
135129,17,2470.34,-51.21457,5,627.6702,525.60095,0,Aldh7a1,ENSMUST00000066208
15648,1,2523.232,-84.81008,3,1117.408,214.53145,0,Ldha,ENSMUST00000048209
166890,21,2602.4597,-18.100521,6,1851,832.2125,0,Gpd1,ENSMUST00000023760
131839,16,2565.8455,19.058702,6,1511.9796,1176.2794,0,Alas1,ENSMUST00000134053
83050,8,2501.8752,80.879814,3,919.66296,1748.697,0,Errfi1,ENSMUST00000030811
458800,67,2563.3916,46.883602,0,1489.2574,1433.9174,0,Hsd3b2,ENSMUST00000107021
173230,23,2507.7437,-25.407907,2,974,764.5516,0,Pgam1,ENSMUST00000011896
320543,47,2496.8513,84.53286,2,873.1438,1782.5216,0,Fasn,ENSMUST00000206589
39291,2,2599.7625,30.384476,6,1826.0251,1281.1477,0,Pck1,ENSMUST00000029017
406783,59,2491.485,-39.089565,2,823.4578,637.86957,0,Tkt,ENSMUST00000225857
113551,14,2498.754,-70.85092,2,890.7614,343.78293,0,Acsl1,ENSMUST00000034046
279424,41,2560.7048,41.060528,0,1464.3801,1380,0,Hsd17b6,ENSMUST00000026462
420898,60,2505.8447,-70.0314,5,956.4166,351.37103,0,Tmem56,ENSMUST00000029777
28518,2,2506.3652,-65.35864,2,961.2361,394.63736,0,Pck1,ENSMUST00000029017
1316547,227,2435.9507,-22.253878,5,309.2486,793.75555,0,Tet2,ENSMUST00000098603
513647,75,2503.6045,-75.30429,6,935.67377,302.548,0,Mpp1,ENSMUST00000114092
727476,118,2473.2434,-45.82096,1,654.55225,575.5418,0,Gpr182,ENSMUST00000079692
224122,33,2463.3179,-33.96543,1,562.6491,685.31525,0,Cxcl12,ENSMUST00000112866
200047,28,2608.5166,-47.59659,4,1907.0822,559.1008,0,Acss2,ENSMUST00000029135
36128,2,2446.8254,-34.933002,5,409.9418,676.3562,0,Pck1,ENSMUST00000029017
67087,6,2436.2898,75.48887,4,312.38818,1698.781,0,Ugt2a3,ENSMUST00000031195
225197,33,2522.2158,30.860493,2,1108,1285.5553,0,Cxcl12,ENSMUST00000112866
187652,26,2447.9697,-30.608063,4,420.53757,716.402,0,Cyp2c23,ENSMUST00000026211
372435,54,2569.9802,44.25547,3,1550.2632,1409.5828,0,Lsr,ENSMUST00000108116
92994,9,2422.7017,-28.263737,4,186.57423,738.1087,0,Serping1,ENSMUST00000023994
133762,17,2464.2197,-80.41353,3,571,255.24025,0,Aldh7a1,ENSMUST00000066208
178324,24,2505.4668,-47.67979,3,952.9168,558.33044,0,Hc,ENSMUST00000028233
316682,46,2507.693,-46.600304,6,973.5314,568.3256,0,Pgm1,ENSMUST00000058351
552528,84,2487.967,-79.90869,3,790.88135,259.91467,0,Epas1,ENSMUST00000024954
214925,31,2442.3538,79.25933,2,368.53702,1733.6926,0,Hsd3b3,ENSMUST00000125483
200148,28,2509.0798,-24.539173,4,986.37067,772.5954,0,Acss2,ENSMUST00000029135
103994,12,2497.2441,-35.9712,1,876.78186,666.7433,0,Tpi1,ENSMUST00000172132
28415,2,2472.029,-73.339645,2,643.3093,320.73917,0,Pck1,ENSMUST00000029017
193352,27,2430.5823,68.192795,3,259.5408,1631.2247,0,Proz,ENSMUST00000033822
281075,41,2477.4397,-78.51589,4,693.40594,272.811,0,Hsd17b6,ENSMUST00000026462
382427,56,2597.2205,33.65315,2,1802.489,1311.4132,0,Gm2a,ENSMUST00000000608
43661,3,2457.3127,-75.49096,2,507.04565,300.8196,0,Akr1a1,ENSMUST00000030455
107762,13,2420.6125,-2.9361227,1,167.2294,972.6236,0,Cyp1a2,ENSMUST00000034860
190946,27,2532.1904,36.76992,1,1200.3585,1340.2722,0,Proz,ENSMUST00000033822
308556,45,2600.582,43.826794,4,1833.6135,1405.6135,0,Egfr,ENSMUST00000102884
317923,47,2522.0337,29.936527,0,1106.3146,1277,0,Fasn,ENSMUST00000206589
198646,28,2499.3706,-31.558908,2,896.47034,707.59784,0,Acss2,ENSMUST00000029135
788418,126,2421.31,-31.772545,5,173.68785,705.61975,0,Icam1,ENSMUST00000086399
227488,33,2493.3638,-19.215004,5,840.8516,821.89325,0,Cxcl12,ENSMUST00000112866
144020,18,2499.7935,-65.75147,6,900.3862,391,0,G6pc,ENSMUST00000019469
323619,47,2476.059,-40.334156,5,680.6223,626.3455,0,Fasn,ENSMUST00000206589
2125050,361,2467.8682,-73.635475,1,604.78217,318,0,Blank-14,-1
130618,16,2580.3757,14.974242,4,1646.5175,1138.4603,0,Alas1,ENSMUST00000134053
27335,2,2533.993,35.35946,1,1217.0482,1327.2124,0,Pck1,ENSMUST00000029017
379765,55,2519.984,-83.564606,6,1087.3348,226.0636,0,Psmd3,ENSMUST00000017365
127923,15,2445.672,86.27159,6,399.2623,1798.621,0,Akr1d1,ENSMUST00000040987
39697,2,2443.6091,66.88753,6,380.16116,1619.1389,0,Pck1,ENSMUST00000029017
93230,9,2556.182,46.009666,4,1422.5011,1425.8253,0,Serping1,ENSMUST00000023994
245420,36,2532.7197,24.18438,2,1205.2595,1223.7394,0,Aldh3a2,ENSMUST00000074127
561424,86,2499.9678,-90.752785,0,902,159.50642,0,Nrp1,ENSMUST00000026917
1149524,195,2427.7476,72.31526,4,233.29352,1669.3956,0,Pck2,ENSMUST00000226650
38273,2,2420.986,-55.806507,6,170.6881,483.08304,0,Pck1,ENSMUST00000029017
304085,45,2439.0234,81.34453,0,337.7007,1753,0,Egfr,ENSMUST00000102884
215937,31,2507.1545,-13.800433,4,968.54486,872.02814,0,Hsd3b3,ENSMUST00000125483
626238,99,2562.7183,50.695713,6,1483.0243,1469.2147,0,Fgf1,ENSMUST00000040647
94739,9,2534.572,33.7645,6,1222.4093,1312.4442,0,Serping1,ENSMUST00000023994
265350,39,2493.7065,-43.176003,1,844.0262,600.03217,0,Pdha1,ENSMUST00000033662
1072869,179,2458.6375,-35.11124,4,519.31104,674.7059,0,Flt4,ENSMUST00000020617
68081,6,2445.4158,70.28064,6,396.88998,1650.5565,0,Ugt2a3,ENSMUST00000031195
216591,31,2422.2605,-18.525293,5,182.48743,828.2795,0,Hsd3b3,ENSMUST00000125483
45873,3,2590.7239,-21.008873,3,1742.3352,805.2833,0,Akr1a1,ENSMUST00000030455
99787,11,2445.2234,-27.443146,1,395.10715,745.7067,0,Hsd17b2,ENSMUST00000034304
320831,47,2459.9731,-64.93317,3,531.6791,398.57697,0,Fasn,ENSMUST00000206589
237793,35,2500.2473,-67.505424,2,904.5891,374.7597,0,Cebpa,ENSMUST00000042985
388449,57,2430.5046,-8.65668,1,258.82193,919.6555,0,Pabpc1,ENSMUST00000001809
194640,27,2445.9397,91.22043,4,401.74048,1844.4436,0,Proz,ENSMUST00000033822
241017,35,2567.8447,51.492405,4,1530.4897,1476.5914,0,Cebpa,ENSMUST00000042985
241560,35,2468.895,-59.858486,5,614.28845,445.56473,0,Cebpa,ENSMUST00000042985
229683,34,2597.7532,-61.59549,1,1807.42,429.48135,0,Sardh,ENSMUST00000102886
1579701,270,2494.4133,-37.51541,0,850.5702,652.44507,0,Cyp2b9,ENSMUST00000082214
94315,9,2470.2244,-59.234463,6,626.59894,451.3427,0,Serping1,ENSMUST00000023994
231372,34,2501.1711,-86.439255,3,913.1433,199.44652,0,Sardh,ENSMUST00000102886
103998,12,2546.7988,-35.377525,1,1335.6202,672.2403,0,Tpi1,ENSMUST00000172132
38621,2,2490.6357,-32.848927,6,815.59235,695.6532,0,Pck1,ENSMUST00000029017
85940,8,2469.4038,-49.81545,5,619,538.5558,0,Errfi1,ENSMUST00000030811
115280,14,2486.2737,-82.39815,3,775.20404,236.86412,0,Acsl1,ENSMUST00000034046
211784,30,2499.9048,-22.240421,5,901.4169,793.8801,0,Cald1,ENSMUST00000115021
184626,25,2564.5034,53.464565,5,1499.5514,1494.8522,0,Dld,ENSMUST00000110857
148467,19,2447.205,-29.802166,3,413.45682,723.86395,0,Hsd17b12,ENSMUST00000028619
417025,60,2552.39,48.4961,1,1387.3895,1448.8479,0,Tmem56,ENSMUST00000029777
180181,24,2449.0103,-28.091208,5,430.17075,739.7062,0,Hc,ENSMUST00000028233
234417,34,2465.568,-57.917755,6,583.48425,463.53445,0,Sardh,ENSMUST00000102886
254876,38,2572.5437,92.97154,0,1574,1860.6576,0,Sdc1,ENSMUST00000171158
120589,14,2533.6343,95.49235,5,1213.7268,1883.9983,0,Acsl1,ENSMUST00000034046
86283,8,2451.9949,-19.271809,5,457.80554,821.3673,0,Errfi1,ENSMUST00000030811
35919,2,2478.274,-49.995846,5,701.1313,536.88544,0,Pck1,ENSMUST00000029017
920715,153,2496.7278,-81.34106,1,872,246.65201,0,Ltbp4,ENSMUST00000121175
81107,8,2515.213,-87.66284,3,1043.1595,188.11699,0,Errfi1,ENSMUST00000030811
129858,16,2546.874,-22.692944,3,1336.3177,789.6901,0,Alas1,ENSMUST00000134053
326075,48,2462.186,-59.55598,0,552.16876,448.36572,0,Ctsc,ENSMUST00000032779
319887,47,2430.405,-23.065117,2,257.9017,786.2441,0,Fasn,ENSMUST00000206589
135238,17,2471.418,-25.419306,5,637.6506,764.446,0,Aldh7a1,ENSMUST00000066208
625242,99,2596.6802,-61.448124,5,1797.4843,430.84583,0,Fgf1,ENSMUST00000040647
413403,59,2470.8064,-84.72649,6,631.9864,215.30545,0,Tkt,ENSMUST00000225857
243048,35,2440.3843,-21.425556,6,350.30005,801.4252,0,Cebpa,ENSMUST00000042985
363079,52,2426.277,69.86619,5,219.67966,1646.7191,0,Gpi1,ENSMUST00000038027
1936011,325,2521.3066,-94.0906,2,1099.5819,128.60074,0,Slamf1,ENSMUST00000015460
48178,3,2574.925,48.523205,4,1596.0498,1449.0989,0,Akr1a1,ENSMUST00000030455
2239757,374,2473.1462,-79.01129,6,653.65295,268.22394,0,Blank-27,-1
8417,0,2508.2837,-24.950058,6,979,768.7909,0,Comt,ENSMUST00000000335
436113,63,2562.9746,18.75703,2,1485.3972,1173.4862,0,Srd5a1,ENSMUST00000091514
112834,14,2519.9487,35.04073,1,1087.008,1324.2611,0,Acsl1,ENSMUST00000034046
309954,45,2493.5833,84.47192,5,842.8845,1781.9573,0,Egfr,ENSMUST00000102884
322310,47,2492.3774,-42.63373,4,831.71924,605.05316,0,Fasn,ENSMUST00000206589
120209,14,2603.2178,45.34838,5,1858.0193,1419.7024,0,Acsl1,ENSMUST00000034046
35462,2,2499.224,-77.90773,5,895.11523,278.44208,0,Pck1,ENSMUST00000029017
318384,47,2494.6108,-65.354225,1,852.3992,394.67828,0,Fasn,ENSMUST00000206589
178474,24,2453.2295,-21.333916,3,469.23734,802.2737,0,Hc,ENSMUST00000028233
92928,9,2504.6648,-38.13135,4,945.4913,646.7419,0,Serping1,ENSMUST00000023994
1556,0,2595.0415,-64.399734,1,1782.3123,403.5161,0,Comt,ENSMUST00000000335
384111,56,2502.0964,85.183495,4,921.71045,1788.546,0,Gm2a,ENSMUST00000000608
776608,124,2443.2422,51.104527,0,376.7634,1473,0,Wnt2,ENSMUST00000010941
318678,47,2428.0232,-22.385395,1,235.84666,792.5378,0,Fasn,ENSMUST00000206589
547748,83,2508.908,-81.811966,4,984.77875,242.29178,0,Hsd17b7,ENSMUST00000027989
211248,30,2567.4934,24.257484,4,1527.2385,1224.4163,0,Cald1,ENSMUST00000115021
319240,47,2441.5486,77.794365,1,361.0815,1720.1282,0,Fasn,ENSMUST00000206589
1593955,272,2574.511,96.54004,1,1592.2153,1893.6992,0,Bmp7,ENSMUST00000009143
236653,35,2469.987,-51.832825,1,624.40106,519.8764,0,Cebpa,ENSMUST00000042985
239277,35,2544.718,-27.397789,3,1316.3539,746.1267,0,Cebpa,ENSMUST00000042985
324585,47,2503.381,-87.42985,6,933.6051,190.27432,0,Fasn,ENSMUST00000206589
164986,21,2471.5254,-57.74408,5,638.6442,465.14255,0,Gpd1,ENSMUST00000023760
6212,0,2606.5173,37.24805,4,1888.5703,1344.6993,0,Comt,ENSMUST00000000335
1580028,270,2568.049,45.10015,0,1532.3827,1417.4039,0,Cyp2b9,ENSMUST00000082214
110639,14,2552.5745,-18.123474,0,1389.0991,832,0,Acsl1,ENSMUST00000034046
28391,2,2462.331,-74.82348,2,553.51294,307,0,Pck1,ENSMUST00000029017
936884,156,2558.7644,49.646484,2,1446.4127,1459.4996,0,Pth1r,ENSMUST00000198865
538217,81,2427.1865,-9.69998,2,228.099,909.9953,0,Csk,ENSMUST00000217314
1945965,325,2528.2637,26.722208,5,1164,1247.2378,0,Slamf1,ENSMUST00000015460
139074,18,2418.4172,-30.676422,2,146.90358,715.769,0,G6pc,ENSMUST00000019469
109376,13,2582.003,23.106424,5,1661.5852,1213.7583,0,Cyp1a2,ENSMUST00000034860
359073,52,2427.2024,-37.439034,1,228.2468,653.1522,0,Gpi1,ENSMUST00000038027
321869,47,2503.9956,93.51519,3,939.2947,1865.6913,0,Fasn,ENSMUST00000206589
86129,8,2451.6294,-31.883692,5,454.42218,704.5906,0,Errfi1,ENSMUST00000030811
1994646,335,2504.4001,-47.782017,5,943.04065,557.38385,0,Acsf3,ENSMUST00000212781
180857,24,2505.7576,-61.44636,6,955.60956,430.86215,0,Hc,ENSMUST00000028233
138482,18,2493.6487,83.236305,1,843.4892,1770.5165,0,G6pc,ENSMUST00000019469
506350,74,2501.9985,68.00685,3,920.80365,1629.503,0,Hmgb1,ENSMUST00000085546
100352,11,2593.133,-57.29535,2,1764.6423,469.2975,0,Hsd17b2,ENSMUST00000034304
224382,33,2604.9438,27.360615,1,1874,1253.1489,0,Cxcl12,ENSMUST00000112866
317504,47,2496.4211,-60.351475,0,869.16187,441,0,Fasn,ENSMUST00000206589
246503,36,2430.4043,-33.72265,4,257.8945,687.5632,0,Aldh3a2,ENSMUST00000074127
1131955,192,2470.7263,-55.186172,3,631.2468,488.82687,0,Tent5c,ENSMUST00000061455
67341,6,2497.0078,-34.323475,5,874.592,682,0,Ugt2a3,ENSMUST00000031195
183799,25,2419.872,-37.48822,4,160.37253,652.6968,0,Dld,ENSMUST00000110857
319409,47,2502.0571,-91.194084,2,921.3458,155.42029,0,Fasn,ENSMUST00000206589
399608,58,2420.2195,-48.767807,2,163.58984,548.25616,0,Cbr4,ENSMUST00000034058
452831,65,2526.7212,88.235596,5,1149.7164,1816.8062,0,Gnai2,ENSMUST00000055704
565514,87,2505.6025,-23.936138,0,954.17444,778.179,0,Dek,ENSMUST00000021807
418868,60,2435.9802,-30.435474,3,309.52313,718,0,Tmem56,ENSMUST00000029777
1669621,282,2532.802,69.263504,3,1206.0203,1641.1387,0,Ace,ENSMUST00000001963
317253,46,2492.668,82.26221,6,834.41,1761.4971,0,Pgm1,ENSMUST00000058351
196203,27,2505.5105,-43.911983,6,953.32104,593.2175,0,Proz,ENSMUST00000033822
47193,3,2509.9258,-56.93676,4,994.2028,472.61774,0,Akr1a1,ENSMUST00000030455
88246,8,2502.6594,-43.413036,6,926.92255,597.8374,0,Errfi1,ENSMUST00000030811
325406,47,2420.9,-7.8549595,6,169.89034,927.07886,0,Fasn,ENSMUST00000206589
2008458,338,2599.5679,44.978916,0,1824.2239,1416.2814,0,Cyp11b1,ENSMUST00000170259
1269476,219,2431.5247,84.83004,3,268.26706,1785.2732,0,Axin2,ENSMUST00000052915
384262,56,2606.5261,-53.867085,5,1888.6508,501.04065,0,Gm2a,ENSMUST00000000608
173988,23,2609.9734,22.153994,3,1920.5707,1204.9395,0,Pgam1,ENSMUST00000011896
221542,32,2448.3005,89.56307,4,423.60043,1829.0977,0,Galm,ENSMUST00000039205
210317,30,2421.7717,-22.659475,3,177.96237,790,0,Cald1,ENSMUST00000115021
1530090,265,2599.8938,-31.191475,0,1827.2408,711,0,Itgam,ENSMUST00000106242
119209,14,2510.3555,-58.27511,5,998.1825,460.22562,0,Acsl1,ENSMUST00000034046
209789,30,2526.6897,35.436077,2,1149.4259,1327.9218,0,Cald1,ENSMUST00000115021
551042,84,2497.3413,-41.70071,1,877.6809,613.69226,0,Epas1,ENSMUST00000024954
36884,2,2596.4387,31.858727,5,1795.249,1294.7981,0,Pck1,ENSMUST00000029017
101425,11,2435.7092,81.84033,3,307.01395,1757.5908,0,Hsd17b2,ENSMUST00000034304
124030,15,2531.6465,-81.02748,2,1195.3204,249.55548,0,Akr1d1,ENSMUST00000040987
34391,2,2596.3596,31.397814,4,1794.5164,1290.5304,0,Pck1,ENSMUST00000029017
573226,88,2524.6414,-95.635956,4,1130.4601,114.29185,0,H2afy,ENSMUST00000045788
450603,65,2420.4788,-36.632748,2,165.9916,660.61786,0,Gnai2,ENSMUST00000055704
712189,116,2522.2637,-79.00931,5,1108.4432,268.24228,0,Sdc3,ENSMUST00000070478
35054,2,2446.5862,89.16354,4,407.72534,1825.3983,0,Pck1,ENSMUST00000029017
128667,16,2465.362,-29.62129,1,581.5773,725.53876,0,Alas1,ENSMUST00000134053
2421,0,2441.0903,73.05146,1,356.83948,1676.2124,0,Comt,ENSMUST00000000335
50951,3,2590.3381,-19.922283,6,1738.7616,815.34436,0,Akr1a1,ENSMUST00000030455
676677,109,2435.0051,-35.800423,4,300.49377,668.3246,0,Cnp,ENSMUST00000103120
173219,23,2456.5732,-30.298801,2,500.1989,719.2655,0,Pgam1,ENSMUST00000011896
621510,98,2418.6887,-20.667164,6,149.4162,808.4473,0,Minpp1,ENSMUST00000025827
618082,98,2599.2346,-22.94743,0,1821.1382,787.33374,0,Minpp1,ENSMUST00000025827
33144,2,2466.131,-69.359955,4,588.697,357.58817,0,Pck1,ENSMUST00000029017
14773,1,2521.4856,25.698341,2,1101.2386,1237.7576,0,Ldha,ENSMUST00000048209
561105,85,2574.4878,14.276526,6,1592,1132,0,Eif3a,ENSMUST00000025955
43388,3,2445.5562,84.116066,1,398.18896,1778.6624,0,Akr1a1,ENSMUST00000030455
88623,8,2545.2544,-15.873644,6,1321.3209,852.8318,0,Errfi1,ENSMUST00000030811
247737,36,2471.7234,-45.68814,6,640.4785,576.7716,0,Aldh3a2,ENSMUST00000074127
175443,23,2473.5547,-81.57944,6,657.43396,244.44482,0,Pgam1,ENSMUST00000011896
1934066,325,2420.694,-34.20428,1,167.98538,683.10364,0,Slamf1,ENSMUST00000015460
47130,3,2595.7432,-64.822945,4,1788.8091,399.59753,0,Akr1a1,ENSMUST00000030455
144063,18,2507.7126,-60.840935,6,973.7122,436.46796,0,G6pc,ENSMUST00000019469
1583910,270,2471.2131,-96.18448,5,635.75415,109.21292,0,Cyp2b9,ENSMUST00000082214
115944,14,2502.6055,-20.674673,3,926.4238,808.3778,0,Acsl1,ENSMUST00000034046
225452,33,2566.4363,96.94771,2,1517.4487,1897.4739,0,Cxcl12,ENSMUST00000112866
125500,15,2573.0776,97.835655,3,1578.9441,1905.6956,0,Akr1d1,ENSMUST00000040987
35985,2,2600.6023,-46.69944,5,1833.8013,567.4077,0,Pck1,ENSMUST00000029017
40642,3,2494.8274,-36.9558,0,854.4039,657.62665,0,Akr1a1,ENSMUST00000030455
1098941,185,2591.483,-53.72423,0,1749.3634,502.36334,0,Tcf7l2,ENSMUST00000111656
135881,17,2538.6646,-21.363474,6,1260.3043,802,0,Aldh7a1,ENSMUST00000066208
1416156,243,2494.1755,-92.27437,3,848.3688,145.41765,0,Lamp3,ENSMUST00000081880
88535,8,2541.2585,-22.210299,6,1284.3221,794.15906,0,Errfi1,ENSMUST00000030811
320887,47,2598.3113,-58.850014,3,1812.5884,454.90244,0,Fasn,ENSMUST00000206589
928961,155,2610.4126,36.458355,0,1924.6367,1337.3873,0,Mertk,ENSMUST00000014505
319213,47,2446.9102,75.75142,1,410.72583,1701.212,0,Fasn,ENSMUST00000206589
369575,53,2463.529,-25.745842,6,564.604,761.42255,0,Fech,ENSMUST00000025484
263735,39,2424.0034,-0.84347415,0,198.627,992,0,Pdha1,ENSMUST00000033662
36307,2,2593.3137,-24.51159,5,1766.3153,772.85077,0,Pck1,ENSMUST00000029017
103478,12,2436.3542,-34.79691,0,312.9857,677.61633,0,Tpi1,ENSMUST00000172132
186134,26,2565.2693,52.724525,1,1506.6448,1488,0,Cyp2c23,ENSMUST00000026211
1100789,185,2539.587,-27.119236,4,1268.8436,748.70593,0,Tcf7l2,ENSMUST00000111656
118358,14,2597.3977,34.849705,4,1804.1287,1322.4924,0,Acsl1,ENSMUST00000034046
138658,18,2511.7407,-86.321815,2,1011.0081,200.53392,0,G6pc,ENSMUST00000019469
117856,14,2430.9907,-20.367767,4,263.32407,811.21954,0,Acsl1,ENSMUST00000034046
30039,2,2452.2927,71.56075,2,460.5654,1662.4095,0,Pck1,ENSMUST00000029017
629495,101,2496.898,-58.947475,2,873.5752,454,0,Gimap4,ENSMUST00000090070
253818,38,2500.6565,-64.64392,0,908.3762,401.2551,0,Sdc1,ENSMUST00000171158
158480,21,2549.5254,-25.998592,1,1360.8658,759.0823,0,Gpd1,ENSMUST00000023760
286685,42,2419.2095,-38.37259,5,154.237,644.5082,0,Aqp1,ENSMUST00000004774
248186,36,2426.8875,79.009636,6,225.33011,1731.3806,0,Aldh3a2,ENSMUST00000074127
281765,41,2447.56,-28.863506,5,416.74313,732.5553,0,Hsd17b6,ENSMUST00000026462
1177883,201,2503.104,-41.073444,3,931.0403,619.5003,0,Kitl,ENSMUST00000105283
394786,57,2490.7432,100.150406,4,816.58673,1927.1285,0,Pabpc1,ENSMUST00000001809
2285776,382,2451.092,-24.740175,4,449.44803,770.73425,0,Blank-35,-1
704785,115,2556.354,41.1368,5,1424.0955,1380.7062,0,Mkrn1,ENSMUST00000031985
380078,55,2428.9275,-11.592523,6,244.22073,892.4718,0,Psmd3,ENSMUST00000017365
25636,2,2497.3938,82.45757,0,878.1676,1763.3059,0,Pck1,ENSMUST00000029017
327693,48,2538.365,74.74127,3,1257.5293,1691.8588,0,Ctsc,ENSMUST00000032779
332378,49,2538.439,-19.409922,2,1258.2156,820.08844,0,Abcb4,ENSMUST00000003717
559194,85,2425.858,-39.094112,4,215.79774,637.82745,0,Eif3a,ENSMUST00000025955
318652,47,2503.651,-24.601416,1,936.1039,772.01904,0,Fasn,ENSMUST00000206589
386559,57,2509.7964,-13.248517,0,993.0067,877.1385,0,Pabpc1,ENSMUST00000001809
200816,28,2426.0469,-28.862204,5,217.54768,732.5673,0,Acss2,ENSMUST00000029135
3162,0,2514.8396,-22.919483,2,1039.7026,787.5925,0,Comt,ENSMUST00000000335
323457,47,2414.4392,-59.837605,5,110.068146,445.75806,0,Fasn,ENSMUST00000206589
422251,60,2488.8398,-38.50123,6,798.9627,643.3171,0,Tmem56,ENSMUST00000029777
229320,34,2528.1445,34.365143,0,1162.8966,1318.0057,0,Sardh,ENSMUST00000102886
320450,47,2424.2686,75.237946,2,201.0817,1696.4575,0,Fasn,ENSMUST00000206589
1302683,224,2459.2893,86.63128,5,525.34656,1801.9514,0,Rassf4,ENSMUST00000035842
1611624,275,2441.7788,-33.765717,0,363.21402,687.1644,0,Satb1,ENSMUST00000133574
689036,112,2472.614,-59.757122,4,648.7239,446.50327,0,Adpgk,ENSMUST00000026266
305778,45,2460.795,-28.530924,2,539.2875,735.63477,0,Egfr,ENSMUST00000102884
26180,2,2499.4517,-64.49758,1,897.2203,402.61017,0,Pck1,ENSMUST00000029017
321129,47,2456.1863,-29.228615,3,496.61655,729.1746,0,Fasn,ENSMUST00000206589
932209,155,2606.8828,42.46015,3,1891.9535,1392.9595,0,Mertk,ENSMUST00000014505
30832,2,2494.068,-66.009094,3,847.374,388.6147,0,Pck1,ENSMUST00000029017
122701,15,2550.4373,-26.439474,0,1369.3092,755,0,Akr1d1,ENSMUST00000040987
1137053,192,2498.2708,-74.97742,6,886.28674,305.5746,0,Tent5c,ENSMUST00000061455
215117,31,2418.1843,-51.711475,3,144.7458,521,0,Hsd3b3,ENSMUST00000125483
627014,100,2464.5308,-75.83937,2,573.8801,297.5936,0,Alcam,ENSMUST00000023312
383476,56,2512.2085,-65.10348,4,1015.3404,397,0,Gm2a,ENSMUST00000000608
12712,1,2558.8997,23.691975,1,1447.6653,1219.18,0,Ldha,ENSMUST00000048209
250198,37,2414.5168,18.547314,2,110.78835,1171.5443,0,Gck,ENSMUST00000109823
245800,36,2506.2202,-52.686092,3,959.89404,511.97577,0,Aldh3a2,ENSMUST00000074127
321920,47,2468.1323,-96.77551,4,607.2283,103.74042,0,Fasn,ENSMUST00000206589
1088376,182,2478.7449,-40.5278,6,705.4914,624.5525,0,Ep300,ENSMUST00000068387
158414,21,2596.9756,-30.032644,1,1800.2201,721.7299,0,Gpd1,ENSMUST00000023760
972269,164,2439.6504,-25.99598,0,343.506,759.10645,0,Stab2,ENSMUST00000035288
143899,18,2465.9795,-81.19547,6,587.2937,248,0,G6pc,ENSMUST00000019469
136475,18,2418.3276,-54.608025,0,146.07301,494.1801,0,G6pc,ENSMUST00000019469
194671,27,2531.524,96.50929,4,1194.1864,1893.4146,0,Proz,ENSMUST00000033822
325183,47,2539.9004,-25.294434,6,1271.7465,765.60223,0,Fasn,ENSMUST00000206589
65537,6,2499.126,73.53837,1,894.2064,1680.7207,0,Ugt2a3,ENSMUST00000031195
233609,34,2451.528,-29.230688,5,453.48334,729.15546,0,Sardh,ENSMUST00000102886
68387,7,2421.339,-34.183594,0,173.95628,683.2952,0,Igf1,ENSMUST00000122100
1159129,198,2521.59,-86.31873,1,1102.2056,200.56242,0,Myh10,ENSMUST00000139059
1299599,224,2566.6265,19.607542,3,1519.2107,1181.3612,0,Rassf4,ENSMUST00000035842
486350,71,2496.7576,-34.83245,0,872.27686,677.2873,0,Egr1,ENSMUST00000165033
2477,0,2491.0125,82.11683,1,819.081,1760.1509,0,Comt,ENSMUST00000000335
130630,16,2581.0176,19.676527,4,1652.4612,1182,0,Alas1,ENSMUST00000134053
373949,54,2470.9631,-75.62623,6,633.4396,299.56714,0,Lsr,ENSMUST00000108116
323687,47,2433.1882,-32.88437,5,283.6719,695.3251,0,Fasn,ENSMUST00000206589
84421,8,2584.5618,0.6983337,4,1685.2777,1006.276,0,Errfi1,ENSMUST00000030811
453312,65,2554.4648,47.88063,6,1406.6031,1443.149,0,Gnai2,ENSMUST00000055704
1705389,287,2463.5007,-31.04335,3,564.34143,712.3715,0,Sult2b1,ENSMUST00000075571
231630,34,2541.9155,-29.84709,3,1290.4064,723.448,0,Sardh,ENSMUST00000102886
160339,21,2431.7246,-17.070374,2,270.11856,841.7509,0,Gpd1,ENSMUST00000023760
566594,87,2574.945,94.24957,1,1596.2354,1872.4912,0,Dek,ENSMUST00000021807
112207,14,2551.8398,-25.791475,1,1382.2963,761,0,Acsl1,ENSMUST00000034046
329590,49,2500.2617,-34.844604,0,904.72174,677.17474,0,Abcb4,ENSMUST00000003717
199596,28,2528.298,27.495241,3,1164.3175,1254.3955,0,Acss2,ENSMUST00000029135
101779,11,2542.9014,-13.263474,4,1299.5336,877,0,Hsd17b2,ENSMUST00000034304
1116540,189,2531.136,38.096806,4,1190.5946,1352.5581,0,Tcf4,ENSMUST00000078486
70534,7,2539.8918,61.225216,2,1271.6678,1566.7101,0,Igf1,ENSMUST00000122100
320946,47,2460.4785,-49.84167,3,536.35925,538.313,0,Fasn,ENSMUST00000206589
279592,41,2456.6719,-72.522316,1,501.11206,328.307,0,Hsd17b6,ENSMUST00000026462
321509,47,2597.1758,27.578966,3,1802.074,1255.1708,0,Fasn,ENSMUST00000206589
1197897,205,2504.8745,-35.01828,3,947.43335,675.56665,0,Fzd8,ENSMUST00000041080
851162,140,2563.3303,21.993286,3,1488.691,1203.4515,0,Lhfp,ENSMUST00000059562
211700,30,2476.3938,-40.51615,5,683.7216,624.6604,0,Cald1,ENSMUST00000115021
242570,35,2474.7603,-92.67129,6,668.5965,141.74251,0,Cebpa,ENSMUST00000042985
253137,37,2596.6655,-18.200457,6,1797.3506,831.28723,0,Gck,ENSMUST00000109823
246448,36,2499.8416,-48.43585,4,900.83075,551.3299,0,Aldh3a2,ENSMUST00000074127
240455,35,2449.1145,-34.842056,4,431.13684,677.1983,0,Cebpa,ENSMUST00000042985
245526,36,2440.4343,54.38761,2,350.7648,1503.3989,0,Aldh3a2,ENSMUST00000074127
486193,70,2456.4895,89.79787,6,499.424,1831.2716,0,Csnk1a1,ENSMUST00000165123
424017,61,2591.7163,-54.235928,1,1751.5228,497.62546,0,Eif3f,ENSMUST00000033342
854872,141,2545.1694,-19.390692,3,1320.5349,820.2665,0,Lmna,ENSMUST00000036252
1756507,295,2573.298,28.885273,2,1580.9846,1267.2661,0,Pou2af1,ENSMUST00000034554
570686,88,2499.5486,78.42853,0,898.1192,1726,0,H2afy,ENSMUST00000045788
32489,2,2441.7107,82.04679,3,362.58298,1759.5024,0,Pck1,ENSMUST00000029017
123928,15,2572.1484,94.05816,1,1570.3398,1870.7188,0,Akr1d1,ENSMUST00000040987
455226,66,2500.825,94.00867,2,909.93634,1870.2605,0,Gimap6,ENSMUST00000053661
229902,34,2550.011,-20.298185,1,1365.362,811.8638,0,Sardh,ENSMUST00000102886
804034,131,2541.1243,-15.693153,0,1283.0797,854.503,0,Tubb6,ENSMUST00000001513
91987,9,2474.106,-82.670425,3,662.53906,234.3431,0,Serping1,ENSMUST00000023994
861575,142,2600.679,30.930206,4,1834.51,1286.2007,0,Cd300lg,ENSMUST00000017453
133389,17,2548.778,-11.424479,2,1353.9484,894.0278,0,Aldh7a1,ENSMUST00000066208
74942,8,2418.457,-30.301916,0,147.27122,719.23663,0,Errfi1,ENSMUST00000030811
306836,45,2421.814,-46.8793,3,178.35307,565.7424,0,Egfr,ENSMUST00000102884
81528,8,2503.7646,-47.31047,3,937.1565,561.75,0,Errfi1,ENSMUST00000030811
64932,6,2597.159,37.735935,0,1801.9187,1349.2167,0,Ugt2a3,ENSMUST00000031195
1115503,189,2441.1355,88.65657,2,357.25592,1820.7041,0,Tcf4,ENSMUST00000078486
224885,33,2464.366,-34.361115,2,572.35364,681.6515,0,Cxcl12,ENSMUST00000112866
507143,74,2600.9963,-31.731476,4,1837.4506,706,0,Hmgb1,ENSMUST00000085546
68101,6,2440.7358,77.43353,6,353.5554,1716.7871,0,Ugt2a3,ENSMUST00000031195
78353,8,2562.8342,51.428528,1,1484.0978,1476,0,Errfi1,ENSMUST00000030811
209938,30,2548.4492,77.28368,2,1350.9031,1715.3997,0,Cald1,ENSMUST00000115021
232194,34,2513.6375,85.42323,3,1028.5723,1790.7657,0,Sardh,ENSMUST00000102886
24149,2,2419.7407,-62.970604,0,159.15732,416.7488,0,Pck1,ENSMUST00000029017
210205,30,2421.5127,-44.021145,3,175.56334,592.2067,0,Cald1,ENSMUST00000115021
331378,49,2530.3167,35.26376,1,1183.0076,1326.3262,0,Abcb4,ENSMUST00000003717
239973,35,2491.6572,81.41131,3,825.0514,1753.6183,0,Cebpa,ENSMUST00000042985
1101243,185,2547.7253,-23.630594,5,1344.2004,781.0082,0,Tcf7l2,ENSMUST00000111656
422111,60,2456.6013,-59.96875,6,500.45837,444.54376,0,Tmem56,ENSMUST00000029777
219456,32,2453.2651,-26.223475,2,469.56735,757,0,Galm,ENSMUST00000039205
395096,57,2504.9739,-65.14386,5,948.3518,396.62607,0,Pabpc1,ENSMUST00000001809
200450,28,2433.2034,71.51471,4,283.81186,1661.9832,0,Acss2,ENSMUST00000029135
139106,18,2462.7278,-26.871475,2,557.1852,751,0,G6pc,ENSMUST00000019469
244500,36,2507.795,-40.378166,1,974.47406,625.93805,0,Aldh3a2,ENSMUST00000074127
239252,35,2501.3513,-30.567122,3,914.8099,716.78107,0,Cebpa,ENSMUST00000042985
47524,3,2554.112,-21.532375,4,1403.3358,800.4361,0,Akr1a1,ENSMUST00000030455
34947,2,2518.0044,81.99253,4,1069.0067,1759,0,Pck1,ENSMUST00000029017
228105,33,2602.6382,-55.622047,6,1852.6511,484.79102,0,Cxcl12,ENSMUST00000112866
221865,32,2553.2961,-16.75479,5,1395.7817,844.67303,0,Galm,ENSMUST00000039205
77541,8,2559.823,-1.9858521,1,1456.2152,981.4224,0,Errfi1,ENSMUST00000030811
26213,2,2497.875,-61.863476,1,882.6233,427,0,Pck1,ENSMUST00000029017
148513,19,2447.0107,-23.396864,3,411.65778,783.1723,0,Hsd17b12,ENSMUST00000028619
116722,14,2535.636,69.15941,3,1232.2614,1640.1748,0,Acsl1,ENSMUST00000034046
66640,6,2509.558,-95.94557,4,990.7993,111.42503,0,Ugt2a3,ENSMUST00000031195
208874,30,2419.4658,-0.44877133,1,156.6125,995.65466,0,Cald1,ENSMUST00000115021
118484,14,2569.7986,53.459213,4,1548.5808,1494.8026,0,Acsl1,ENSMUST00000034046
323503,47,2500.805,-53.550686,5,909.75195,503.97028,0,Fasn,ENSMUST00000206589
234422,34,2413.9531,-57.279266,6,105.56877,469.44638,0,Sardh,ENSMUST00000102886
453416,65,2426.5088,85.986916,6,221.82333,1795.9851,0,Gnai2,ENSMUST00000055704
228367,33,2423.5605,-5.331987,6,194.52567,950.4397,0,Cxcl12,ENSMUST00000112866
30418,2,2560.856,98.18809,2,1465.7804,1908.9589,0,Pck1,ENSMUST00000029017
536453,80,2546.0808,84.15253,2,1328.9734,1779,0,Dlat,ENSMUST00000125919
1085659,182,2561.2969,32.247303,0,1469.862,1298.3961,0,Ep300,ENSMUST00000068387
250515,37,2538.6152,95.26313,2,1259.8468,1881.876,0,Gck,ENSMUST00000109823
178869,24,2440.7236,81.60334,3,353.4429,1755.3964,0,Hc,ENSMUST00000028233
33672,2,2465.745,-35.084545,4,585.123,674.95306,0,Pck1,ENSMUST00000029017
243045,35,2547.1921,-21.596464,6,1339.2618,799.8427,0,Cebpa,ENSMUST00000042985
115631,14,2477.586,-43.86451,3,694.7613,593.65704,0,Acsl1,ENSMUST00000034046
1561711,267,2522.7114,31.720324,5,1112.5895,1293.5166,0,Tox,ENSMUST00000039987
561892,86,2598.7356,81.34453,0,1816.518,1753,0,Nrp1,ENSMUST00000026917
140808,18,2600.2412,37.310852,3,1830.4578,1345.2808,0,G6pc,ENSMUST00000019469
143939,18,2474.2258,-75.50398,6,663.64923,300.699,0,G6pc,ENSMUST00000019469
434809,63,2426.9001,-1.3223284,1,225.44844,987.56616,0,Srd5a1,ENSMUST00000091514
178315,24,2594.2805,-51.276478,3,1775.2659,525.0277,0,Hc,ENSMUST00000028233
76833,8,2463.1982,-60.89465,1,561.5415,435.9706,0,Errfi1,ENSMUST00000030811
231444,34,2463.1157,-66.914444,3,560.77747,380.23178,0,Sardh,ENSMUST00000102886
589211,91,2510.2747,-69.71097,4,997.434,354.33804,0,Dnase1l3,ENSMUST00000026315
318813,47,2425.8567,-4.503102,1,215.78581,958.11456,0,Fasn,ENSMUST00000206589
212023,30,2532.319,37.789295,5,1201.5503,1349.7108,0,Cald1,ENSMUST00000115021
92911,9,2591.682,-40.61445,4,1751.2057,623.75024,0,Serping1,ENSMUST00000023994
138602,18,2495.677,-94.11568,2,862.2707,128.36848,0,G6pc,ENSMUST00000019469
74556,8,2459.9,-72.80172,0,531.00037,325.71994,0,Errfi1,ENSMUST00000030811
319333,47,2499.6465,93.97881,1,899.02527,1869.9841,0,Fasn,ENSMUST00000206589
74410,8,2529.3333,-86.24414,0,1173.9016,201.25308,0,Errfi1,ENSMUST00000030811
10563,1,2571.2478,21.25538,0,1562,1196.619,0,Ldha,ENSMUST00000048209
186324,26,2476.3738,-73.89452,2,683.5376,315.60144,0,Cyp2c23,ENSMUST00000026211
200068,28,2431.6677,-43.478077,4,269.5919,597.23517,0,Acss2,ENSMUST00000029135
176097,24,2499.9207,-59.35607,0,901.56384,450.21667,0,Hc,ENSMUST00000028233
387977,57,2603.0693,-53.57798,1,1856.6445,503.71756,0,Pabpc1,ENSMUST00000001809
66781,6,2600.6912,-43.761593,4,1834.624,594.61005,0,Ugt2a3,ENSMUST00000031195
177539,24,2417.9014,-53.61368,2,142.1265,503.387,0,Hc,ENSMUST00000028233
557496,85,2507.585,-45.064133,2,972.5291,582.54944,0,Eif3a,ENSMUST00000025955
307756,45,2510.85,-92.5302,4,1002.76135,143.04887,0,Egfr,ENSMUST00000102884
137244,18,2452.2063,72.40939,0,459.76505,1670.2673,0,G6pc,ENSMUST00000019469
89030,8,2574.7688,12.349258,6,1594.6025,1114.1549,0,Errfi1,ENSMUST00000030811
26739,2,2428.3972,-22.043081,1,239.30951,795.70734,0,Pck1,ENSMUST00000029017
1583980,270,2473.0757,-75.44227,5,653,301.27045,0,Cyp2b9,ENSMUST00000082214
26053,2,2472.7798,-75.111565,1,650.2589,304.33255,0,Pck1,ENSMUST00000029017
310336,45,2597.742,-54.706474,6,1807.3171,493.26852,0,Egfr,ENSMUST00000102884
567307,87,2546.3767,99.50492,2,1331.7134,1921.1517,0,Dek,ENSMUST00000021807
176448,24,2571.2114,45.053226,0,1561.6631,1416.9695,0,Hc,ENSMUST00000028233
259302,38,2499.1497,-32.006992,4,894.4244,703.4489,0,Sdc1,ENSMUST00000171158
228287,33,2495.3767,-18.755524,6,859.49084,826.1477,0,Cxcl12,ENSMUST00000112866
330294,49,2492.7317,78.44048,0,835,1726.1107,0,Abcb4,ENSMUST00000003717
2185122,367,2601.0913,-19.993948,4,1838.3301,814.6808,0,Blank-20,-1
31521,2,2595.3318,-21.212154,3,1785,803.4011,0,Pck1,ENSMUST00000029017
190059,27,2437.6968,72.1448,0,325.41675,1667.8173,0,Proz,ENSMUST00000033822
196330,27,2502.0955,-27.02918,6,921.7012,749.53973,0,Proz,ENSMUST00000033822
70594,7,2453.5623,75.17472,2,472.31897,1695.8722,0,Igf1,ENSMUST00000122100
373710,54,2552.861,46.244526,5,1391.7534,1428,0,Lsr,ENSMUST00000108116
557025,85,2535.8196,27.097248,1,1233.962,1250.7103,0,Eif3a,ENSMUST00000025955
228433,33,2576.7617,14.235517,6,1613.0557,1131.6202,0,Cxcl12,ENSMUST00000112866
387705,57,2474.5588,-81.05104,1,666.7318,249.33737,0,Pabpc1,ENSMUST00000001809
308866,45,2493.4038,-94.68628,5,841.22327,123.08518,0,Egfr,ENSMUST00000102884
495828,73,2466.8118,-51.554607,0,595,522.45245,0,Acsl4,ENSMUST00000112904
231616,34,2448.3254,-31.358496,3,423.83047,709.4535,0,Sardh,ENSMUST00000102886
530485,78,2441.4858,-31.372227,4,360.5008,709.32635,0,Aldh1b1,ENSMUST00000044384
485598,70,2446.6545,-21.327394,6,408.35986,802.3341,0,Csnk1a1,ENSMUST00000165123
230879,34,2425.8247,-3.935805,2,215.48917,963.3673,0,Sardh,ENSMUST00000102886
476257,69,2565.8066,50.440857,1,1511.6185,1466.8549,0,Rpp14,ENSMUST00000023924
195224,27,2505.3394,-13.651462,5,951.73663,873.40753,0,Proz,ENSMUST00000033822
1580595,270,2499.7517,-34.453316,1,900,680.7978,0,Cyp2b9,ENSMUST00000082214
178293,24,2511.1226,-53.890614,3,1005.28406,500.82278,0,Hc,ENSMUST00000028233
132558,17,2445.5596,84.7026,0,398.2207,1784.0933,0,Aldh7a1,ENSMUST00000066208
193162,27,2598.7686,29.182962,3,1816.8218,1270.0226,0,Proz,ENSMUST00000033822
65183,6,2469.457,-56.25577,1,619.4935,478.9232,0,Ugt2a3,ENSMUST00000031195
118638,14,2425.127,75.836525,4,209.02962,1702,0,Acsl1,ENSMUST00000034046
39542,2,2563.6877,49.4725,6,1492,1457.8887,0,Pck1,ENSMUST00000029017
880,0,2603.4016,34.9529,0,1859.7205,1323.4479,0,Comt,ENSMUST00000000335
300981,44,2523.4866,37.604527,2,1119.767,1348,0,Smpdl3a,ENSMUST00000020022
178442,24,2462.7383,-25.2007,3,557.28217,766.47015,0,Hc,ENSMUST00000028233
157695,21,2536.6602,72.76784,0,1241.7435,1673.5862,0,Gpd1,ENSMUST00000023760
179585,24,2534.3528,35.210487,4,1220.3798,1325.833,0,Hc,ENSMUST00000028233
157561,21,2565.3433,50.841103,0,1507.3289,1470.5609,0,Gpd1,ENSMUST00000023760
379898,55,2470.5889,-52.664055,6,629.974,512.1798,0,Psmd3,ENSMUST00000017365
26601,2,2445.048,-32.811474,1,393.48364,696,0,Pck1,ENSMUST00000029017
36378,2,2434.364,-21.268415,5,294.559,802.8802,0,Pck1,ENSMUST00000029017
317954,47,2531.889,35.72195,0,1197.5664,1330.5687,0,Fasn,ENSMUST00000206589
237868,35,2503.5403,-56.143894,2,935.07886,479.9591,0,Cebpa,ENSMUST00000042985
208777,30,2601.2097,-23.43141,1,1839.4244,782.8525,0,Cald1,ENSMUST00000115021
319426,47,2502.6316,-88.79225,2,926.6651,177.65947,0,Fasn,ENSMUST00000206589
120374,14,2445.486,69.57416,5,397.53925,1644.0151,0,Acsl1,ENSMUST00000034046
1584853,270,2520.5442,-93.203415,6,1092.5216,136.81541,0,Cyp2b9,ENSMUST00000082214
56061,4,2443.3596,92.16049,3,377.84998,1853.1478,0,Ugt2b1,ENSMUST00000031183
892830,148,2579.0928,22.052526,5,1634.6393,1204,0,Acacb,ENSMUST00000031583
111445,14,2497.4607,88.25653,0,878.78595,1817,0,Acsl1,ENSMUST00000034046
557147,85,2449.2263,69.69116,1,432.1709,1645.0984,0,Eif3a,ENSMUST00000025955
277426,40,2598.9443,51.21253,1,1818.4506,1474,0,Npc2,ENSMUST00000021668
832269,135,2471.4585,-53.223476,6,638.0261,507,0,Arsb,ENSMUST00000091403
304271,45,2494.3035,-86.75771,1,849.5533,196.49779,0,Egfr,ENSMUST00000102884
132780,17,2494.1702,-37.13118,1,848.3175,656.00275,0,Aldh7a1,ENSMUST00000066208
125290,15,2594.2554,40.17335,3,1775.0342,1371.7854,0,Akr1d1,ENSMUST00000040987
125272,15,2524.6206,37.13142,3,1130.2678,1343.6194,0,Akr1d1,ENSMUST00000040987
510261,74,2503.028,-48.936554,6,930.33563,546.6937,0,Hmgb1,ENSMUST00000085546
38402,2,2478.0276,-48.391666,6,698.85126,551.73895,0,Pck1,ENSMUST00000029017
305346,45,2494.7961,96.71519,1,854.114,1895.3209,0,Egfr,ENSMUST00000102884
101507,11,2513.5757,-91.02227,4,1028,157.01114,0,Hsd17b2,ENSMUST00000034304
331463,49,2566.1355,51.347885,1,1514.665,1475.2533,0,Abcb4,ENSMUST00000003717
36859,2,2606.6199,30.879988,5,1889.519,1285.7357,0,Pck1,ENSMUST00000029017
1252567,216,2459.9927,-57.28295,4,531.8602,469.4123,0,Bank1,ENSMUST00000041577
32605,2,2529.6978,89.62996,3,1177.2787,1829.7169,0,Pck1,ENSMUST00000029017
28567,2,2591.6025,-61.34642,2,1750.4696,431.78754,0,Pck1,ENSMUST00000029017
18471,1,2499.1445,-12.960097,4,894.3777,879.809,0,Ldha,ENSMUST00000048209
215819,31,2502.032,-43.361866,4,921.1131,598.31116,0,Hsd3b3,ENSMUST00000125483
148406,19,2498.804,-38.751476,3,891.22363,641,0,Hsd17b12,ENSMUST00000028619
240466,35,2425.5789,-32.9768,4,213.21396,694.46924,0,Cebpa,ENSMUST00000042985
1584262,270,2460.212,-29.210785,5,533.89014,729.3397,0,Cyp2b9,ENSMUST00000082214
32781,2,2508.6377,-96.993385,4,982.277,101.723076,0,Pck1,ENSMUST00000029017
230241,34,2573.6028,50.476627,1,1583.8065,1467.1862,0,Sardh,ENSMUST00000102886
362612,52,2506.6638,-39.32829,5,964,635.6591,0,Gpi1,ENSMUST00000038027
69766,7,2439.6765,90.82513,1,343.74832,1840.7833,0,Igf1,ENSMUST00000122100
547693,83,2474.8306,-93.78109,4,669.2472,131.46654,0,Hsd17b7,ENSMUST00000027989
91509,9,2544.404,-25.49361,2,1313.4462,763.758,0,Serping1,ENSMUST00000023994
236595,35,2501.3845,-62.04681,1,915.11743,425.30246,0,Cebpa,ENSMUST00000042985
324358,47,2434.6277,76.65847,5,297,1709.6106,0,Fasn,ENSMUST00000206589
91693,9,2596.1353,32.302277,2,1792.4397,1298.9052,0,Serping1,ENSMUST00000023994
452250,65,2459.545,90.28926,4,527.7143,1835.8215,0,Gnai2,ENSMUST00000055704
330186,49,2440.145,58.072968,0,348.08633,1537.5226,0,Abcb4,ENSMUST00000003717
325318,47,2413.7437,-16.428902,6,103.62849,847.6905,0,Fasn,ENSMUST00000206589
238795,35,2530.3418,97.047134,2,1183.2401,1898.3945,0,Cebpa,ENSMUST00000042985
706571,116,2438.3618,-26.068491,0,331.57355,758.43506,0,Sdc3,ENSMUST00000070478
99062,11,2484.131,-79.042076,0,755.3642,267.9389,0,Hsd17b2,ENSMUST00000034304
485200,70,2521.9028,-90.534874,6,1105.1017,161.52411,0,Csnk1a1,ENSMUST00000165123
361689,52,2482.7341,-36.286766,4,742.4302,663.82135,0,Gpi1,ENSMUST00000038027
377843,55,2501.11,70.8831,3,912.5773,1656.135,0,Psmd3,ENSMUST00000017365
230429,34,2500.7527,-93.69226,2,909.26843,132.28902,0,Sardh,ENSMUST00000102886
317977,47,2599.0786,41.399696,0,1819.6937,1383.1405,0,Fasn,ENSMUST00000206589
321841,47,2427.1104,86.86391,3,227.39424,1804.1053,0,Fasn,ENSMUST00000206589
2200503,369,2569.548,12.482629,3,1546.2627,1115.3899,0,Blank-22,-1
193773,27,2463.2456,-60.502277,4,561.979,439.6037,0,Proz,ENSMUST00000033822
106357,12,2514.0718,-22.379135,5,1032.5929,792.59576,0,Tpi1,ENSMUST00000172132
1937748,325,2568.7393,16.706379,2,1538.7734,1154.4987,0,Slamf1,ENSMUST00000015460
558786,85,2598.2808,53.771572,3,1812.3058,1497.6948,0,Eif3a,ENSMUST00000025955
362247,52,2439.7917,88.85586,4,344.81543,1822.5494,0,Gpi1,ENSMUST00000038027
115567,14,2470.5466,-49.84288,3,629.58295,538.3018,0,Acsl1,ENSMUST00000034046
42447,3,2552.0781,-16.10252,1,1384.5043,850.7125,0,Akr1a1,ENSMUST00000030455
723595,117,2498.292,96.076675,6,886.48474,1889.4088,0,Acaca,ENSMUST00000020843
67792,6,2466.1477,-51.23323,6,588.8514,525.42816,0,Ugt2a3,ENSMUST00000031195
246214,36,2426.3574,68.19822,3,220.4232,1631.2749,0,Aldh3a2,ENSMUST00000074127
1530087,265,2598.5354,-31.356302,0,1814.664,709.4738,0,Itgam,ENSMUST00000106242
123457,15,2442.57,-34.323475,1,370.5402,682,0,Akr1d1,ENSMUST00000040987
116447,14,2532.3677,32.744526,3,1202,1303,0,Acsl1,ENSMUST00000034046
174539,23,2577.265,9.788157,4,1617.7144,1090.441,0,Pgam1,ENSMUST00000011896
209019,30,2559.5635,37.958664,1,1453.8127,1351.279,0,Cald1,ENSMUST00000115021
44490,3,2563.6326,17.960314,2,1491.4879,1166.1091,0,Akr1a1,ENSMUST00000030455
134621,17,2455.563,-23.548,4,490.84412,781.7729,0,Aldh7a1,ENSMUST00000066208
173458,23,2567.8022,52.21688,2,1530.0964,1483.2996,0,Pgam1,ENSMUST00000011896
893508,148,2432.694,0.47171563,6,279.0953,1004.1777,0,Acacb,ENSMUST00000031583
243613,35,2434.2322,77.43618,6,293.33725,1716.8116,0,Cebpa,ENSMUST00000042985
76642,8,2462.6118,-77.74413,1,556.11273,279.9569,0,Errfi1,ENSMUST00000030811
107698,13,2544.7397,-28.0945,1,1316.5549,739.6757,0,Cyp1a2,ENSMUST00000034860
1854,0,2545.28,-20.355198,1,1321.5588,811.3359,0,Comt,ENSMUST00000000335
281674,41,2507.8164,-59.22561,5,974.67194,451.42468,0,Hsd17b6,ENSMUST00000026462
211008,30,2445.8396,-31.692991,4,400.81427,706.3563,0,Cald1,ENSMUST00000115021
1993831,335,2460.9302,-24.450632,3,540.54004,773.4152,0,Acsf3,ENSMUST00000212781
84643,8,2563.4788,15.888059,4,1490.0647,1146.9216,0,Errfi1,ENSMUST00000030811
183637,25,2563.455,94.767586,3,1489.8444,1877.2876,0,Dld,ENSMUST00000110857
86137,8,2595.382,-31.470057,5,1785.4651,708.42053,0,Errfi1,ENSMUST00000030811
232419,34,2505.9917,-60.86913,4,957.77655,436.2069,0,Sardh,ENSMUST00000102886
24429,2,2594.2798,-40.869663,0,1775.2604,621.38715,0,Pck1,ENSMUST00000029017
346056,50,2555.3079,40.640408,4,1414.4084,1376.11,0,Fyb,ENSMUST00000090461
33417,2,2509.929,-52.538517,4,994.2335,513.3422,0,Pck1,ENSMUST00000029017
498309,73,2484.3362,-49.277924,4,757.2624,543.5329,0,Acsl4,ENSMUST00000112904
142120,18,2599.5437,42.52634,4,1824,1393.5724,0,G6pc,ENSMUST00000019469
554180,84,2468.675,-82.41305,5,612.2538,236.7262,0,Epas1,ENSMUST00000024954
130859,16,2478.587,-88.59687,5,704.02924,179.4686,0,Alas1,ENSMUST00000134053
589369,91,2440.1265,-26.918003,4,347.91324,750.56915,0,Dnase1l3,ENSMUST00000026315
212521,30,2496.9573,-23.032688,6,874.126,786.5443,0,Cald1,ENSMUST00000115021
41914,3,2500.0178,-81.19805,1,902.4633,247.97618,0,Akr1a1,ENSMUST00000030455
621483,98,2453.0994,-27.756044,6,468.0342,742.8096,0,Minpp1,ENSMUST00000025827
335770,49,2496.5957,-77.345085,5,870.7783,283.65176,0,Abcb4,ENSMUST00000003717
449409,65,2544.1846,-16.781467,0,1311.4152,844.42596,0,Gnai2,ENSMUST00000055704
93423,9,2526.6836,-93.21007,5,1149.3694,136.75377,0,Serping1,ENSMUST00000023994
111583,14,2470.2678,-94.2383,1,627,127.233154,0,Acsl1,ENSMUST00000034046
945910,158,2612.6467,38.927986,4,1945.3246,1360.2543,0,Kctd12,ENSMUST00000184744
353085,51,2456.6184,69.75911,2,500.61746,1645.7277,0,Alas2,ENSMUST00000112715
13776,1,2496.7932,-70.56891,2,872.60583,346.39417,0,Ldha,ENSMUST00000048209
131607,16,2492.9185,-42.029846,6,836.7284,610.6447,0,Alas1,ENSMUST00000134053
69132,7,2474.0286,-54.633286,1,661.8226,493.94623,0,Igf1,ENSMUST00000122100
327176,48,2599.9453,36.88283,2,1827.717,1341.3176,0,Ctsc,ENSMUST00000032779
77106,8,2440.7378,-34.074707,1,353.5753,684.3034,0,Errfi1,ENSMUST00000030811
121336,14,2472.0383,-27.358213,6,643.3951,746.49316,0,Acsl1,ENSMUST00000034046
1256750,217,2596.216,-31.191475,1,1793.1886,711,0,Itgal,ENSMUST00000106306
193865,27,2494.2222,-42.695652,4,848.80035,604.47986,0,Proz,ENSMUST00000033822
47383,3,2496.0278,-36.014877,4,865.5192,666.33887,0,Akr1a1,ENSMUST00000030455
393012,57,2494.0278,-93.79395,4,847,131.34741,0,Pabpc1,ENSMUST00000001809
281223,41,2424.3677,-31.154398,4,202,711.3433,0,Hsd17b6,ENSMUST00000026462
157971,21,2481.4314,-83.64271,1,730.3676,225.34047,0,Gpd1,ENSMUST00000023760
553383,84,2465.2605,-70.29674,4,580.6357,348.91425,0,Epas1,ENSMUST00000024954
555147,84,2593.8535,-29.265038,6,1771.3123,728.8374,0,Epas1,ENSMUST00000024954
117303,14,2507.7002,-67.84668,4,973.5974,371.59998,0,Acsl1,ENSMUST00000034046
306957,45,2466.2375,-29.093102,3,589.6843,730.4294,0,Egfr,ENSMUST00000102884
271262,39,2458.25,-67.09428,4,515.72534,378.56662,0,Pdha1,ENSMUST00000033662
97337,10,2510.1892,-65.37613,4,996.6441,394.4754,0,Adh4,ENSMUST00000013458
366194,53,2416.2698,-13.695475,2,127.01896,873,0,Fech,ENSMUST00000025484
247236,36,2548.324,-16.491207,5,1349.742,847.1136,0,Aldh3a2,ENSMUST00000074127
589355,91,2464.6519,-31.268646,4,575,710.28546,0,Dnase1l3,ENSMUST00000026315
310892,45,2527.966,29.898533,6,1161.2426,1276.6482,0,Egfr,ENSMUST00000102884
76656,8,2476.4756,-75.806435,1,684.4806,297.89856,0,Errfi1,ENSMUST00000030811
187221,26,2563.5613,28.281752,3,1490.829,1261.678,0,Cyp2c23,ENSMUST00000026211
135157,17,2418.579,-45.420918,5,148.40094,579.2459,0,Aldh7a1,ENSMUST00000066208
65797,6,2594.771,-25.20445,2,1779.808,766.4354,0,Ugt2a3,ENSMUST00000031195
274581,39,2429.5198,74.6772,5,249.70381,1691.2655,0,Pdha1,ENSMUST00000033662
113493,14,2532.1519,-80.605705,2,1200,253.46085,0,Acsl1,ENSMUST00000034046
258821,38,2447.7893,96.70451,3,418.86572,1895.2222,0,Sdc1,ENSMUST00000171158
81623,8,2501.3696,-38.50331,3,914.97925,643.2978,0,Errfi1,ENSMUST00000030811
38176,2,2501.6328,-61.420063,6,917.4168,431.10568,0,Pck1,ENSMUST00000029017
134769,17,2558.1743,29.746006,4,1440.9501,1275.236,0,Aldh7a1,ENSMUST00000066208
1128401,192,2504.7808,-22.50379,1,946.5658,791.4415,0,Tent5c,ENSMUST00000061455
229036,34,2551.6309,-23.90165,0,1380.3617,778.4984,0,Sardh,ENSMUST00000102886
14082,1,2595.3167,-41.684845,2,1784.8606,613.8392,0,Ldha,ENSMUST00000048209
566150,87,2513.479,-27.54331,1,1027.1039,744.7793,0,Dek,ENSMUST00000021807
147624,19,2567.1477,11.520699,2,1524.0358,1106.483,0,Hsd17b12,ENSMUST00000028619
540052,82,2424.2961,-21.713102,0,201.3368,798.7627,0,Mcat,ENSMUST00000061882
323762,47,2465.7725,-25.899475,5,585.3763,760,0,Fasn,ENSMUST00000206589
153437,20,2416.6978,-54.867947,2,130.9804,491.77344,0,Pdhb,ENSMUST00000022268
1112890,188,2465.8398,-82.22385,6,586,238.47806,0,Notch2,ENSMUST00000079812
547940,83,2484.9365,-37.436146,4,762.821,653.17896,0,Hsd17b7,ENSMUST00000027989
244952,36,2555.2004,95.14575,1,1413.4142,1880.7892,0,Aldh3a2,ENSMUST00000074127
1511529,259,2466.983,-68.343475,5,596.5858,367,0,Csf3r,ENSMUST00000030673
36805,2,2601.5435,27.46869,5,1842.5157,1254.1497,0,Pck1,ENSMUST00000029017
337321,49,2494.1965,-34.11896,6,848.5627,683.8937,0,Abcb4,ENSMUST00000003717
44930,3,2437.749,69.09369,2,325.90082,1639.5663,0,Akr1a1,ENSMUST00000030455
80964,8,2546.3528,89.97764,2,1331.4916,1832.9362,0,Errfi1,ENSMUST00000030811
1584409,270,2419.294,-6.6552625,5,155.01921,938.18713,0,Cyp2b9,ENSMUST00000082214
164880,21,2458.1216,-75.17767,5,514.5363,303.7204,0,Gpd1,ENSMUST00000023760
640834,103,2493.4424,-17.869194,4,841.58026,834.35443,0,Eng,ENSMUST00000113272
74281,7,2539.1084,93.97842,6,1264.4132,1869.9805,0,Igf1,ENSMUST00000122100
320144,47,2579.9958,20.27245,2,1643,1187.5178,0,Fasn,ENSMUST00000206589
210816,30,2477.7664,-82.50523,4,696.43195,235.87262,0,Cald1,ENSMUST00000115021
1861938,314,2570.7078,43.051487,1,1557,1398.4348,0,Acsbg1,ENSMUST00000034822
302171,44,2506.2124,-44.552925,5,959.82086,587.2829,0,Smpdl3a,ENSMUST00000020022
395269,57,2491.8308,-47.963184,5,826.6577,555.70636,0,Pabpc1,ENSMUST00000001809
304900,45,2567.122,14.763203,1,1523.7997,1136.5062,0,Egfr,ENSMUST00000102884
1936615,325,2470.8865,-57.759476,2,632.7279,465,0,Slamf1,ENSMUST00000015460
239003,35,2596.377,-66.703926,3,1794.6786,382.18097,0,Cebpa,ENSMUST00000042985
175016,23,2422.1714,-39.210472,5,181.66428,636.75,0,Pgam1,ENSMUST00000011896
177416,24,2467.383,-78.81746,2,600.2889,270.01865,0,Hc,ENSMUST00000028233
1104331,186,2455.3582,-31.816881,5,488.948,705.20917,0,Ssh2,ENSMUST00000037912
436975,63,2418.1707,-35.140667,3,144.6188,674.4334,0,Srd5a1,ENSMUST00000091514
163041,21,2425.6304,84.64923,3,213.69125,1783.5991,0,Gpd1,ENSMUST00000023760
179559,24,2518.952,31.372118,4,1077.7799,1290.2925,0,Hc,ENSMUST00000028233
8885,0,2572.3538,47.594994,6,1572.2406,1440.5044,0,Comt,ENSMUST00000000335
195151,27,2550.2207,-23.472088,5,1367.3057,782.4758,0,Proz,ENSMUST00000033822
2046120,345,2489.6594,-31.308516,0,806.55334,709.9163,0,Pdha2,ENSMUST00000057860
324708,47,2505.881,-71.452614,6,956.7537,338.2117,0,Fasn,ENSMUST00000206589
167080,21,2429.6445,-1.2493845,6,250.8595,988.2416,0,Gpd1,ENSMUST00000023760
887962,147,2606.1318,-15.767474,6,1885.0005,853.8148,0,Lyve1,ENSMUST00000033050
241146,35,2425.5637,73.03181,4,213.07437,1676.0304,0,Cebpa,ENSMUST00000042985
45582,3,2510.6265,-53.575542,3,1000.69086,503.7401,0,Akr1a1,ENSMUST00000030455
265517,39,2462.6013,-24.049229,1,556.01385,777.1319,0,Pdha1,ENSMUST00000033662
83611,8,2460.8328,-62.94987,4,539.63947,416.94077,0,Errfi1,ENSMUST00000030811
708339,116,2440.7815,49.988384,1,353.97824,1462.6653,0,Sdc3,ENSMUST00000070478
77249,8,2598.3743,-23.706856,1,1813.1718,780.302,0,Errfi1,ENSMUST00000030811
131079,16,2434.4668,-26.359798,5,295.51004,755.73773,0,Alas1,ENSMUST00000134053
308187,45,2451.7542,-25.437466,4,455.5771,764.27783,0,Egfr,ENSMUST00000102884
368564,53,2505.6033,-48.957306,5,954.1804,546.5016,0,Fech,ENSMUST00000025484
75647,8,2569.3352,16.672535,0,1544.2921,1154.1853,0,Errfi1,ENSMUST00000030811
233399,34,2467.306,-61.32366,5,599.5764,431.99826,0,Sardh,ENSMUST00000102886
232326,34,2474.4836,-82.18661,4,666.0356,238.82283,0,Sardh,ENSMUST00000102886
201234,28,2491.9233,-93.88908,6,827.5148,130.46666,0,Acss2,ENSMUST00000029135
55911,4,2446.7551,62.660526,3,409.29022,1580,0,Ugt2b1,ENSMUST00000031183
988442,166,2488.0642,-37.40627,3,791.78235,653.4556,0,Col1a2,ENSMUST00000031668
106904,12,2450.093,-19.154055,6,440.1974,822.4576,0,Tpi1,ENSMUST00000172132
1278422,221,2545.6846,97.49164,5,1325.3027,1902.5103,0,Meis2,ENSMUST00000102538
80320,8,2583.3113,22.093079,2,1673.7002,1204.3755,0,Errfi1,ENSMUST00000030811
309209,45,2422.8018,-46.70986,5,187.4992,567.3113,0,Egfr,ENSMUST00000102884
1103452,186,2421.6794,-23.231531,3,177.10886,784.7032,0,Ssh2,ENSMUST00000037912
889964,148,2597.8145,-55.135456,2,1807.9872,489.29648,0,Acacb,ENSMUST00000031583
116465,14,2520.4497,35.228527,3,1091.6466,1326,0,Acsl1,ENSMUST00000034046
318481,47,2591.8994,-51.584995,1,1753.2201,522.1711,0,Fasn,ENSMUST00000206589
106147,12,2531.066,-78.65445,5,1189.9451,271.528,0,Tpi1,ENSMUST00000172132
225786,33,2539.7764,-22.335474,3,1270.599,793,0,Cxcl12,ENSMUST00000112866
368414,53,2516.042,-79.72674,5,1050.8352,261.59943,0,Fech,ENSMUST00000025484
34839,2,2550.7278,72.77146,4,1372,1673.6198,0,Pck1,ENSMUST00000029017
933260,155,2559.6917,45.04104,4,1454.9998,1416.8566,0,Mertk,ENSMUST00000014505
393720,57,2446.1428,-19.534086,4,403.62018,818.9388,0,Pabpc1,ENSMUST00000001809
322380,47,2487.4822,-34.215473,4,786.39215,683,0,Fasn,ENSMUST00000206589
374000,54,2498.3677,-56.36816,6,887.1842,477.88254,0,Lsr,ENSMUST00000108116
33659,2,2438.556,-35.863373,4,333.37112,667.7417,0,Pck1,ENSMUST00000029017
131906,16,2598.2478,42.43438,6,1812,1392.7208,0,Alas1,ENSMUST00000134053
436922,63,2417.4895,-44.842175,3,138.31146,584.6046,0,Srd5a1,ENSMUST00000091514
